,頁數,序號,標題,品牌,地址,價格(萬),更新頻率,瀏覽次數
0,1,0,M-Benz A180 2013款 1.6L,M-Benz,桃園市,28.0,7天前更新,867
1,1,1,M-Benz A45 AMG 2014款 2.0L,M-Benz,新北市,51.0,7天前更新,"<span class=""Red"">1834</span>"
2,1,2,M-Benz A180 2017款 1.6L,M-Benz,桃園市,69.6,7天前更新,"<span class=""Red"">2435</span>"
3,1,3,M-Benz A250 2021款 2.0L,M-Benz,台中市,215.8,<font>8小時內更新</font>,873
4,1,4,M-Benz A180 2016款 1.6L,M-Benz,桃園市,96.0,<font>4小時內更新</font>,583
5,1,5,M-Benz A180 2017款 1.6L,M-Benz,桃園市,72.8,<font>5天內刊登</font>,216
6,1,6,M-Benz A180 2016款 1.6L,M-Benz,台北市,69.8,7天前更新,"<span class=""Red"">2026</span>"
7,1,7,M-Benz A250 2019款 2.0L,M-Benz,高雄市,168.0,<font>2小時內更新</font>,33
8,1,8,M-Benz AMG A 35 4Matic 2020款 2.0L,M-Benz,台中市,228.8,<font>3小時內更新</font>,955
9,1,9,M-Benz A250 2019款 2.0L,M-Benz,新北市,133.0,<font>4小時內更新</font>,651
10,1,10,M-Benz A250 2019款 2.0L,M-Benz,高雄市,153.0,<font>5小時內更新</font>,831
11,1,11,M-Benz AMG A 35 4Matic 2022款 2.0L,M-Benz,桃園市,0.0,<font>6小時內刊登</font>,13
12,1,12,M-Benz A180 2016款 1.6L,M-Benz,桃園市,79.8,<font>7小時內更新</font>,746
13,1,13,M-Benz A250 2014款 2.0L,M-Benz,台北市,86.8,<font>3天內更新</font>,"<span class=""Red"">1251</span>"
14,1,14,M-Benz A180 2016款 1.6L,M-Benz,新北市,82.8,<font>7天內刊登</font>,52
15,1,15,M-Benz A200 2015款 1.6L,M-Benz,台中市,79.8,7天前更新,166
16,1,16,M-Benz A180 2013款 1.6L,M-Benz,台中市,68.0,7天前更新,197
17,1,17,M-Benz A180 2023款 1.3L,M-Benz,台北市,0.0,7天前更新,795
18,1,18,M-Benz AMG A 35 4Matic 2020款 2.0L,M-Benz,台北市,178.0,7天前更新,648
19,1,19,M-Benz A250 2013款 2.0L,M-Benz,台中市,79.8,7天前更新,498
20,1,20,M-Benz A200 2019款 1.3L,M-Benz,台北市,0.0,7天前更新,104
21,1,21,M-Benz A250 2018款 2.0L,M-Benz,台中市,150.0,7天前更新,268
22,1,22,M-Benz A250 2019款 2.0L,M-Benz,桃園市,163.8,7天前更新,287
23,1,23,M-Benz A180 2018款 1.6L,M-Benz,台中市,0.0,<font>6分鐘內更新</font>,337
24,1,24,M-Benz A45 AMG 2014款 2.0L,M-Benz,桃園市,105.8,<font>10分鐘內更新</font>,105
25,1,25,M-Benz A180 2021款 1.3L,M-Benz,台中市,135.8,<font>10分鐘內更新</font>,456
26,1,26,M-Benz A180 2017款 1.6L,M-Benz,新北市,60.0,<font>20分鐘內更新</font>,84
27,1,27,M-Benz A180 2017款 1.6L,M-Benz,桃園市,73.8,<font>28分鐘內更新</font>,45
28,1,28,M-Benz A250 2019款 2.0L,M-Benz,桃園市,145.0,<font>30分鐘內更新</font>,187
29,1,29,M-Benz A180 2017款 1.6L,M-Benz,桃園市,69.8,<font>36分鐘內更新</font>,"<span class=""Red"">3299</span>"
30,1,30,M-Benz A250 2020款 2.0L,M-Benz,桃園市,179.0,<font>44分鐘內更新</font>,350
31,1,31,M-Benz A180 2017款 1.6L,M-Benz,新北市,68.8,<font>47分鐘內更新</font>,350
32,1,32,M-Benz A180 2013款 1.6L,M-Benz,桃園市,49.8,<font>47分鐘內更新</font>,593
33,1,33,M-Benz A45 AMG 2014款 2.0L,M-Benz,桃園市,103.0,<font>50分鐘內更新</font>,"<span class=""Red"">1203</span>"
34,1,34,M-Benz A180 2021款 1.3L,M-Benz,台中市,0.0,<font>53分鐘內更新</font>,262
35,1,35,M-Benz A180 2021款 1.3L,M-Benz,台中市,135.8,<font>57分鐘內更新</font>,"<span class=""Red"">4105</span>"
36,1,36,M-Benz A180 2016款 1.6L,M-Benz,桃園市,60.0,<font>57分鐘內更新</font>,"<span class=""Red"">2129</span>"
37,1,37,M-Benz A180 2016款 1.6L,M-Benz,台中市,74.8,<font>58分鐘內更新</font>,"<span class=""Red"">7670</span>"
38,1,38,M-Benz A45 AMG 2014款 2.0L,M-Benz,桃園市,99.8,<font>60分鐘內更新</font>,146
39,2,0,M-Benz A180 2017款 1.6L,M-Benz,桃園市,89.8,<font>60分鐘內更新</font>,"<span class=""Red"">1741</span>"
40,2,1,M-Benz A250 2014款 2.0L,M-Benz,桃園市,68.8,<font>60分鐘內更新</font>,36
41,2,2,M-Benz A180 2013款 1.6L,M-Benz,台中市,57.8,<font>60分鐘內更新</font>,"<span class=""Red"">2321</span>"
42,2,3,M-Benz A180 2020款 1.3L,M-Benz,台中市,126.0,<font>60分鐘內更新</font>,"<span class=""Red"">4325</span>"
43,2,4,M-Benz A250 2015款 2.0L,M-Benz,桃園市,68.8,<font>60分鐘內更新</font>,67
44,2,5,M-Benz A180 2014款 1.6L,M-Benz,桃園市,49.8,<font>60分鐘內更新</font>,641
45,2,6,M-Benz A250 2018款 2.0L,M-Benz,新北市,113.8,<font>60分鐘內更新</font>,777
46,2,7,M-Benz A180 2017款 1.6L,M-Benz,新北市,89.8,<font>2小時內更新</font>,"<span class=""Red"">1527</span>"
47,2,8,M-Benz A200 2015款 2.1L,M-Benz,台南市,68.8,<font>2小時內更新</font>,401
48,2,9,M-Benz A45S AMG 2021款 2.0L,M-Benz,新北市,278.0,<font>2小時內更新</font>,"<span class=""Red"">4414</span>"
49,2,10,M-Benz A250 2019款 2.0L,M-Benz,新竹市,149.8,<font>2小時內更新</font>,68
50,2,11,M-Benz A200 2015款 1.6L,M-Benz,新北市,66.0,<font>2小時內更新</font>,172
51,2,12,M-Benz A180 2021款 1.3L,M-Benz,台南市,139.0,<font>2小時內更新</font>,680
52,2,13,M-Benz A180 2020款 1.3L,M-Benz,台中市,0.0,<font>2小時內更新</font>,60
53,2,14,M-Benz A45S AMG 2013款 2.0L,M-Benz,桃園市,27.8,<font>2小時內更新</font>,"<span class=""Red"">1075</span>"
54,2,15,M-Benz A180 2017款 1.6L,M-Benz,桃園市,93.8,<font>2小時內更新</font>,36
55,2,16,M-Benz A200d 2014款 2.1L,M-Benz,桃園市,65.8,<font>2小時內更新</font>,185
56,2,17,M-Benz A45S AMG 2021款 2.0L,M-Benz,台北市,0.0,<font>2小時內更新</font>,"<span class=""Red"">1378</span>"
57,2,18,M-Benz A180 2017款 1.6L,M-Benz,新北市,74.8,<font>2小時內更新</font>,844
58,2,19,M-Benz A180 2016款 1.6L,M-Benz,桃園市,62.8,<font>2小時內更新</font>,449
59,2,20,M-Benz A250 2015款 2.0L,M-Benz,桃園市,75.8,<font>2小時內更新</font>,20
60,2,21,M-Benz A45 AMG 2015款 2.0L,M-Benz,新北市,128.8,<font>2小時內更新</font>,471
61,2,22,M-Benz A180 2015款 1.6L,M-Benz,桃園市,75.0,<font>2小時內更新</font>,77
62,2,23,M-Benz A180 2016款 1.6L,M-Benz,桃園市,83.8,<font>2小時內更新</font>,64
63,2,24,M-Benz A250 2019款 2.0L,M-Benz,台中市,158.0,<font>3小時內更新</font>,581
64,2,25,M-Benz A180 2019款 1.3L,M-Benz,高雄市,126.8,<font>3小時內更新</font>,648
65,2,26,M-Benz A45S AMG 2021款 2.0L,M-Benz,桃園市,278.0,<font>3小時內更新</font>,861
66,2,27,M-Benz A180 2020款 1.3L,M-Benz,新北市,139.8,<font>3小時內更新</font>,189
67,2,28,M-Benz A250 2014款 2.0L,M-Benz,台北市,73.8,<font>3小時內更新</font>,7
68,2,29,M-Benz A180 2018款 1.6L,M-Benz,新北市,103.8,<font>3小時內更新</font>,314
69,2,30,M-Benz A250 2016款 2.0L,M-Benz,桃園市,102.8,<font>3小時內更新</font>,603
70,2,31,M-Benz A180 2022款 1.3L,M-Benz,新北市,155.0,<font>3小時內更新</font>,206
71,2,32,M-Benz A180 2017款 1.6L,M-Benz,新北市,63.8,<font>3小時內更新</font>,63
72,2,33,M-Benz A250 2019款 2.0L,M-Benz,桃園市,168.0,<font>3小時內更新</font>,580
73,2,34,M-Benz A220 2019款 2.0L,M-Benz,台中市,0.0,<font>3小時內刊登</font>,3
74,2,35,M-Benz A180 2017款 1.6L,M-Benz,桃園市,0.0,<font>3小時內刊登</font>,0
75,2,36,M-Benz A180 2017款 1.6L,M-Benz,新北市,93.8,<font>3小時內更新</font>,111
76,2,37,M-Benz A250 2014款 2.0L,M-Benz,台北市,77.8,<font>4小時內更新</font>,73
77,2,38,M-Benz A45S AMG 2020款 2.0L,M-Benz,台北市,0.0,<font>4小時內更新</font>,356
78,3,0,M-Benz A180 2017款 1.6L,M-Benz,新北市,63.8,<font>4小時內更新</font>,55
79,3,1,M-Benz A250 2019款 2.0L,M-Benz,桃園市,155.8,<font>4小時內更新</font>,98
80,3,2,M-Benz A180 2017款 1.6L,M-Benz,新北市,63.8,<font>4小時內更新</font>,44
81,3,3,M-Benz A180 2017款 1.6L,M-Benz,新北市,63.8,<font>4小時內更新</font>,82
82,3,4,M-Benz A250 2019款 2.0L,M-Benz,新北市,163.0,<font>5小時內更新</font>,28
83,3,5,M-Benz A180 2019款 1.3L,M-Benz,新北市,105.8,<font>5小時內更新</font>,"<span class=""Red"">1023</span>"
84,3,6,M-Benz A180 2022款 1.3L,M-Benz,嘉義縣,0.0,<font>5小時內刊登</font>,6
85,3,7,M-Benz A180 2019款 1.3L,M-Benz,桃園市,105.8,<font>5小時內更新</font>,622
86,3,8,M-Benz A250 2019款 2.0L,M-Benz,台南市,138.0,<font>5小時內更新</font>,322
87,3,9,M-Benz A250 2019款 2.0L,M-Benz,新北市,138.8,<font>5小時內刊登</font>,26
88,3,10,M-Benz A250 2016款 2.0L,M-Benz,桃園市,108.8,<font>5小時內更新</font>,243
89,3,11,M-Benz A180 2018款 1.6L,M-Benz,台中市,0.0,<font>5小時內更新</font>,36
90,3,12,M-Benz A250 2014款 2.0L,M-Benz,台北市,79.9,<font>5小時內更新</font>,942
91,3,13,M-Benz A250 2013款 2.0L,M-Benz,桃園市,69.8,<font>5小時內更新</font>,401
92,3,14,M-Benz A250 2019款 2.0L,M-Benz,台中市,165.8,<font>5小時內更新</font>,278
93,3,15,M-Benz A250 2019款 2.0L,M-Benz,桃園市,0.0,<font>5小時內刊登</font>,4
94,3,16,M-Benz A250 2021款 2.0L,M-Benz,台中市,199.8,<font>5小時內更新</font>,563
95,3,17,M-Benz A180 2016款 1.6L,M-Benz,新北市,63.8,<font>6小時內刊登</font>,2
96,3,18,M-Benz A200d 2013款 1.8L,M-Benz,桃園市,56.0,<font>6小時內更新</font>,315
97,3,19,M-Benz A200 2019款 1.3L,M-Benz,桃園市,128.8,<font>6小時內更新</font>,540
98,3,20,M-Benz A180 2017款 1.6L,M-Benz,桃園市,70.8,<font>6小時內更新</font>,"<span class=""Red"">1919</span>"
99,3,21,M-Benz A180 2014款 1.6L,M-Benz,桃園市,75.8,<font>6小時內更新</font>,457
100,3,22,M-Benz A250 2019款 2.0L,M-Benz,桃園市,0.0,<font>6小時內更新</font>,9
101,3,23,M-Benz A45 AMG 2014款 2.0L,M-Benz,桃園市,98.8,<font>7小時內更新</font>,552
102,3,24,M-Benz A180 2014款 1.6L,M-Benz,桃園市,58.8,<font>7小時內更新</font>,150
103,3,25,M-Benz A180 2016款 1.6L,M-Benz,桃園市,79.8,<font>7小時內更新</font>,549
104,3,26,M-Benz A250 2013款 2.0L,M-Benz,桃園市,0.0,<font>7小時內更新</font>,70
105,3,27,M-Benz A180 2016款 1.6L,M-Benz,桃園市,88.8,<font>7小時內更新</font>,221
106,3,28,M-Benz A180 2017款 1.6L,M-Benz,新北市,99.8,<font>7小時內更新</font>,365
107,3,29,M-Benz A180 2018款 1.6L,M-Benz,桃園市,100.0,<font>7小時內更新</font>,969
108,3,30,M-Benz A45 AMG 2014款 2.0L,M-Benz,桃園市,103.8,<font>7小時內更新</font>,181
109,3,31,M-Benz A45S AMG 2022款 2.0L,M-Benz,台中市,285.0,<font>7小時內更新</font>,806
110,3,32,M-Benz A180 2018款 1.6L,M-Benz,桃園市,69.8,<font>7小時內更新</font>,"<span class=""Red"">2218</span>"
111,3,33,M-Benz A45 AMG 2016款 2.0L,M-Benz,台北市,0.0,<font>8小時內刊登</font>,2
112,3,34,M-Benz A45 AMG 2015款 2.0L,M-Benz,桃園市,99.8,<font>9小時內更新</font>,144
113,3,35,M-Benz A180 2014款 1.6L,M-Benz,新北市,59.8,<font>11小時內更新</font>,16
114,3,36,M-Benz A250 2014款 2.0L,M-Benz,新北市,66.8,<font>20小時內更新</font>,"<span class=""Red"">2840</span>"
115,3,37,M-Benz A250 2019款 2.0L,M-Benz,新竹市,159.8,<font>22小時內刊登</font>,11
116,3,38,M-Benz A220 2019款 2.0L,M-Benz,桃園市,0.0,<font>22小時內更新</font>,182
117,4,0,M-Benz A250 2019款 2.0L,M-Benz,彰化縣,168.8,<font>2天內刊登</font>,5
118,4,1,M-Benz A180 2013款 1.6L,M-Benz,高雄市,69.5,<font>2天內刊登</font>,11
119,4,2,M-Benz A200d 2013款 1.8L,M-Benz,台北市,0.0,<font>2天內刊登</font>,5
120,4,3,M-Benz A180 2019款 1.3L,M-Benz,台北市,128.8,<font>2天內更新</font>,331
121,4,4,M-Benz A180 2016款 1.6L,M-Benz,台南市,82.8,<font>2天內更新</font>,348
122,4,5,M-Benz A250 2022款 2.0L,M-Benz,桃園市,0.0,<font>2天內刊登</font>,6
123,4,6,M-Benz A250 2019款 2.0L,M-Benz,新北市,158.8,<font>2天內刊登</font>,14
124,4,7,M-Benz A45S AMG 2020款 2.0L,M-Benz,桃園市,0.0,<font>2天內刊登</font>,18
125,4,8,M-Benz A250 2019款 2.0L,M-Benz,新北市,155.8,<font>2天內刊登</font>,10
126,4,9,M-Benz A250 2014款 2.0L,M-Benz,桃園市,65.0,<font>2天內更新</font>,29
127,4,10,M-Benz A250 2013款 2.0L,M-Benz,台北市,82.8,<font>2天內刊登</font>,6
128,4,11,M-Benz A250 2017款 2.0L,M-Benz,桃園市,94.8,<font>2天內更新</font>,16
129,4,12,M-Benz A180 2013款 1.6L,M-Benz,桃園市,50.0,<font>2天內更新</font>,365
130,4,13,M-Benz A250 2019款 2.0L,M-Benz,桃園市,155.0,<font>2天內更新</font>,203
131,4,14,M-Benz A45 AMG 2020款 2.0L,M-Benz,桃園市,185.0,<font>2天內刊登</font>,69
132,4,15,M-Benz A250 2013款 2.0L,M-Benz,彰化縣,82.8,<font>3天內刊登</font>,13
133,4,16,M-Benz AMG A 35 4Matic 2021款 2.0L,M-Benz,桃園市,228.0,<font>3天內刊登</font>,38
134,4,17,M-Benz AMG A 35 4Matic 2021款 2.0L,M-Benz,桃園市,228.0,<font>3天內刊登</font>,11
135,4,18,M-Benz A180 2014款 1.6L,M-Benz,新北市,57.0,<font>3天內更新</font>,564
136,4,19,M-Benz AMG A 35 4Matic 2020款 2.0L,M-Benz,高雄市,219.0,<font>3天內更新</font>,31
137,4,20,M-Benz A200 2019款 1.3L,M-Benz,台北市,139.0,<font>3天內刊登</font>,112
138,4,21,M-Benz A250 2022款 2.0L,M-Benz,新北市,198.0,<font>3天內刊登</font>,66
139,4,22,M-Benz A250 2023款 2.0L,M-Benz,新北市,198.0,<font>3天內刊登</font>,33
140,4,23,M-Benz A45 AMG 2016款 2.0L,M-Benz,高雄市,142.8,<font>3天內刊登</font>,46
141,4,24,M-Benz A250 2013款 2.0L,M-Benz,新北市,68.8,<font>3天內更新</font>,141
142,4,25,M-Benz A250 2019款 2.0L,M-Benz,桃園市,158.8,<font>3天內刊登</font>,13
143,4,26,M-Benz A250 2019款 2.0L,M-Benz,桃園市,168.8,<font>3天內刊登</font>,6
144,4,27,M-Benz A250 2018款 2.0L,M-Benz,台南市,159.0,<font>3天內刊登</font>,20
145,4,28,M-Benz A180 2016款 1.6L,M-Benz,新北市,68.8,<font>3天內更新</font>,764
146,4,29,M-Benz A180 2013款 1.6L,M-Benz,新北市,0.0,<font>4天內刊登</font>,5
147,4,30,M-Benz A180 2017款 1.6L,M-Benz,新北市,82.8,<font>4天內刊登</font>,10
148,4,31,M-Benz A200 2019款 1.3L,M-Benz,新竹市,126.8,<font>4天內刊登</font>,20
149,4,32,M-Benz A250 2019款 2.0L,M-Benz,屏東縣,178.8,<font>4天內刊登</font>,16
150,4,33,M-Benz A180 2016款 1.6L,M-Benz,桃園市,89.8,<font>4天內刊登</font>,45
151,4,34,M-Benz A200 2014款 1.6L,M-Benz,台南市,79.8,<font>4天內刊登</font>,8
152,4,35,M-Benz A250 2019款 2.0L,M-Benz,台南市,0.0,<font>4天內刊登</font>,16
153,4,36,M-Benz A250 2019款 2.0L,M-Benz,台北市,148.0,<font>4天內刊登</font>,35
154,4,37,M-Benz A180 2017款 1.6L,M-Benz,新北市,63.8,<font>4天內刊登</font>,17
155,4,38,M-Benz A180 2023款 1.3L,M-Benz,台南市,173.8,<font>4天內刊登</font>,253
156,5,0,M-Benz A180 2016款 1.6L,M-Benz,桃園市,83.8,<font>5天內刊登</font>,12
157,5,1,M-Benz A200 2014款 1.6L,M-Benz,桃園市,83.8,<font>5天內刊登</font>,16
158,5,2,M-Benz A180 2020款 1.3L,M-Benz,嘉義縣,118.8,<font>5天內刊登</font>,78
159,5,3,M-Benz A180 2014款 1.6L,M-Benz,新竹市,69.8,<font>5天內刊登</font>,11
160,5,4,M-Benz A180 2014款 1.6L,M-Benz,桃園市,49.8,<font>5天內更新</font>,592
161,5,5,M-Benz A180 2019款 1.3L,M-Benz,新竹市,139.8,<font>5天內更新</font>,"<span class=""Red"">3292</span>"
162,5,6,M-Benz A180 2016款 1.6L,M-Benz,桃園市,85.8,<font>5天內更新</font>,421
163,5,7,M-Benz A180 2014款 1.6L,M-Benz,桃園市,60.0,<font>6天內刊登</font>,34
164,5,8,M-Benz A250 2013款 1.6L,M-Benz,彰化縣,75.8,<font>6天內刊登</font>,28
165,5,9,M-Benz A250 2015款 2.0L,M-Benz,桃園市,78.8,<font>6天內刊登</font>,17
166,5,10,M-Benz A250 2018款 2.0L,M-Benz,新北市,0.0,<font>6天內刊登</font>,9
167,5,11,M-Benz A180 2015款 1.6L,M-Benz,桃園市,56.8,<font>6天內更新</font>,267
168,5,12,M-Benz A250 2019款 2.0L,M-Benz,桃園市,0.0,<font>6天內更新</font>,56
169,5,13,M-Benz A180 2013款 1.6L,M-Benz,桃園市,46.8,<font>6天內更新</font>,959
170,5,14,M-Benz A250 2019款 2.0L,M-Benz,桃園市,150.0,<font>6天內更新</font>,223
171,5,15,M-Benz A180 2013款 1.6L,M-Benz,桃園市,65.0,<font>6天內更新</font>,283
172,5,16,M-Benz A180 2017款 1.6L,M-Benz,桃園市,58.9,<font>6天內更新</font>,601
173,5,17,M-Benz A250 2019款 2.0L,M-Benz,台中市,156.0,<font>6天內刊登</font>,120
174,5,18,M-Benz A45S AMG 2020款 2.0L,M-Benz,台中市,0.0,<font>7天內刊登</font>,77
175,5,19,M-Benz A200 2015款 1.6L,M-Benz,台北市,86.8,<font>7天內刊登</font>,86
176,5,20,M-Benz A180 2022款 1.3L,M-Benz,台中市,156.8,<font>7天內刊登</font>,264
177,5,21,M-Benz A180 2014款 1.6L,M-Benz,桃園市,55.0,<font>7天內刊登</font>,53
178,5,22,M-Benz A180 2015款 1.6L,M-Benz,台中市,0.0,<font>7天內刊登</font>,10
179,5,23,M-Benz A200 2018款 1.3L,M-Benz,台南市,132.8,<font>7天內刊登</font>,48
180,5,24,M-Benz A180 2014款 1.6L,M-Benz,桃園市,50.0,<font>7天內更新</font>,"<span class=""Red"">1653</span>"
181,5,25,M-Benz A180 2019款 1.3L,M-Benz,彰化縣,126.8,<font>7天內刊登</font>,176
182,5,26,M-Benz A180 2017款 1.6L,M-Benz,桃園市,89.8,<font>7天內更新</font>,299
183,5,27,M-Benz A250 2013款 2.0L,M-Benz,桃園市,86.8,<font>7天內刊登</font>,14
184,5,28,M-Benz A180 2020款 1.3L,M-Benz,桃園市,133.8,7天前更新,231
185,5,29,M-Benz A250 2019款 2.0L,M-Benz,台北市,143.8,7天前更新,24
186,5,30,M-Benz A250 2019款 2.0L,M-Benz,台北市,143.8,7天前更新,15
187,5,31,M-Benz A250 2019款 2.0L,M-Benz,新北市,158.0,7天前更新,29
188,5,32,M-Benz A250 2019款 2.0L,M-Benz,新北市,168.0,7天前更新,44
189,5,33,M-Benz A250 2018款 2.0L,M-Benz,台中市,143.0,7天前更新,29
190,5,34,M-Benz A250 2015款 2.0L,M-Benz,桃園市,86.8,7天前更新,69
191,5,35,M-Benz A250 2016款 2.0L,M-Benz,桃園市,94.8,7天前更新,168
192,5,36,M-Benz A180 2018款 1.6L,M-Benz,高雄市,105.8,7天前更新,124
193,5,37,M-Benz A180 2016款 1.6L,M-Benz,高雄市,0.0,7天前更新,18
194,5,38,M-Benz A180 2015款 1.6L,M-Benz,新北市,78.0,7天前更新,27
195,6,0,M-Benz A250 2013款 2.0L,M-Benz,桃園市,82.8,7天前更新,11
196,6,1,M-Benz A180 2017款 1.6L,M-Benz,新北市,73.8,7天前更新,44
197,6,2,M-Benz A220 2020款 2.0L,M-Benz,新北市,0.0,7天前更新,54
198,6,3,M-Benz A200 2019款 1.3L,M-Benz,台北市,122.6,7天前更新,172
199,6,4,M-Benz A180 2020款 1.3L,M-Benz,新北市,133.8,7天前更新,233
200,6,5,M-Benz A200 2018款 1.3L,M-Benz,台南市,132.0,7天前更新,23
201,6,6,M-Benz A180 2016款 1.6L,M-Benz,桃園市,51.8,7天前更新,108
202,6,7,M-Benz A250 2021款 2.0L,M-Benz,台北市,168.8,7天前更新,840
203,6,8,M-Benz A250 2019款 2.0L,M-Benz,桃園市,159.8,7天前更新,94
204,6,9,M-Benz A250 2013款 2.0L,M-Benz,桃園市,68.8,7天前更新,107
205,6,10,M-Benz A200 2020款 1.3L,M-Benz,新北市,0.0,7天前更新,51
206,6,11,M-Benz A180 2019款 1.3L,M-Benz,屏東縣,129.8,7天前更新,72
207,6,12,M-Benz A180 2021款 1.3L,M-Benz,台南市,0.0,7天前更新,171
208,6,13,M-Benz A180 2014款 1.6L,M-Benz,高雄市,65.8,7天前更新,41
209,6,14,M-Benz A180 2017款 1.6L,M-Benz,新北市,99.8,7天前更新,125
210,6,15,M-Benz A250 2019款 2.0L,M-Benz,桃園市,0.0,7天前更新,17
211,6,16,M-Benz A200d 2015款 2.1L,M-Benz,高雄市,63.9,7天前更新,204
212,6,17,M-Benz A220 2019款 2.0L,M-Benz,桃園市,0.0,7天前更新,47
213,6,18,M-Benz A180 2019款 1.3L,M-Benz,台中市,128.0,7天前更新,113
214,6,19,M-Benz A200 2019款 1.3L,M-Benz,新北市,128.0,7天前更新,821
215,6,20,M-Benz A180 2017款 1.6L,M-Benz,桃園市,0.0,7天前更新,55
216,6,21,M-Benz A180 2016款 1.6L,M-Benz,高雄市,93.8,7天前更新,43
217,6,22,M-Benz A250 2018款 2.0L,M-Benz,桃園市,0.0,7天前更新,36
218,6,23,M-Benz A200 2019款 1.3L,M-Benz,台北市,128.8,7天前更新,372
219,6,24,M-Benz A180 2016款 1.6L,M-Benz,彰化縣,88.0,7天前更新,46
220,6,25,M-Benz A180 2017款 1.6L,M-Benz,桃園市,71.0,7天前更新,82
221,6,26,M-Benz A250 2016款 2.0L,M-Benz,台南市,92.8,7天前更新,122
222,6,27,M-Benz A250 2019款 2.0L,M-Benz,台中市,0.0,7天前更新,24
223,6,28,M-Benz A250 2019款 2.0L,M-Benz,高雄市,0.0,7天前更新,12
224,6,29,M-Benz A220 2020款 2.0L,M-Benz,高雄市,0.0,7天前更新,49
225,6,30,M-Benz A250 2019款 2.0L,M-Benz,高雄市,0.0,7天前更新,17
226,6,31,M-Benz A250 2019款 2.0L,M-Benz,台中市,0.0,7天前更新,18
227,6,32,M-Benz A250 2019款 2.0L,M-Benz,新北市,0.0,7天前更新,5
228,6,33,M-Benz A180 2018款 1.6L,M-Benz,台北市,106.8,7天前更新,337
229,6,34,M-Benz A250 2019款 2.0L,M-Benz,桃園市,0.0,7天前更新,11
230,6,35,M-Benz AMG A 35 4Matic 2020款 2.0L,M-Benz,台中市,198.0,7天前更新,81
231,6,36,M-Benz A200 2014款 1.6L,M-Benz,台南市,79.8,7天前更新,49
232,6,37,M-Benz A250 2020款 2.0L,M-Benz,台南市,169.0,7天前更新,76
233,6,38,M-Benz AMG A 35 4Matic 2021款 2.0L,M-Benz,台南市,218.0,7天前更新,130
234,7,0,M-Benz A180 2017款 1.6L,M-Benz,桃園市,75.0,7天前更新,15
235,7,1,M-Benz A250 2019款 2.0L,M-Benz,新北市,133.0,7天前更新,34
236,7,2,M-Benz A200 2019款 1.3L,M-Benz,新竹市,126.8,7天前更新,126
237,7,3,M-Benz A250 2017款 2.0L,M-Benz,桃園市,95.0,7天前更新,14
238,7,4,M-Benz A250 2013款 2.0L,M-Benz,桃園市,74.8,7天前更新,25
239,7,5,M-Benz A200 2020款 1.3L,M-Benz,桃園市,0.0,7天前更新,168
240,7,6,M-Benz A250 2018款 2.0L,M-Benz,新北市,123.3,7天前更新,396
241,7,7,M-Benz A180 2022款 1.3L,M-Benz,嘉義縣,0.0,7天前更新,33
242,7,8,M-Benz A200 2015款 1.6L,M-Benz,台中市,70.8,7天前更新,129
243,7,9,M-Benz A250 2019款 2.0L,M-Benz,台南市,0.0,7天前更新,24
244,7,10,M-Benz A180 2020款 1.3L,M-Benz,桃園市,136.8,7天前更新,53
245,7,11,M-Benz A180 2020款 1.3L,M-Benz,高雄市,119.8,7天前更新,481
246,7,12,M-Benz A180 2013款 1.6L,M-Benz,台南市,72.8,7天前更新,41
247,7,13,M-Benz A250 2020款 2.0L,M-Benz,台北市,168.8,7天前更新,88
248,7,14,M-Benz A250 2015款 2.0L,M-Benz,台中市,96.8,7天前更新,119
249,7,15,M-Benz A180 2014款 1.6L,M-Benz,桃園市,73.8,7天前更新,58
250,7,16,M-Benz A250 2019款 2.0L,M-Benz,新北市,0.0,7天前更新,39
251,7,17,M-Benz A180 2015款 1.6L,M-Benz,桃園市,0.0,7天前更新,114
252,7,18,M-Benz A250 2019款 2.0L,M-Benz,花蓮縣,165.8,7天前更新,68
253,7,19,M-Benz A180 2022款 1.3L,M-Benz,嘉義縣,149.0,7天前更新,447
254,7,20,M-Benz A200 2014款 2.1L,M-Benz,屏東縣,68.8,7天前更新,63
255,7,21,M-Benz A180 2016款 1.6L,M-Benz,新北市,74.0,7天前更新,57
256,7,22,M-Benz A180 2020款 1.3L,M-Benz,桃園市,129.8,7天前更新,315
257,7,23,M-Benz A180 2013款 1.6L,M-Benz,新北市,63.8,7天前更新,286
258,7,24,M-Benz A180 2017款 1.6L,M-Benz,台南市,65.0,7天前更新,187
259,7,25,M-Benz A180 2015款 1.6L,M-Benz,桃園市,62.8,7天前更新,"<span class=""Red"">1315</span>"
260,7,26,M-Benz A45S AMG 2022款 2.0L,M-Benz,新北市,278.0,7天前更新,115
261,7,27,M-Benz A180 2023款 1.3L,M-Benz,新北市,0.0,7天前更新,196
262,7,28,M-Benz A180 2023款 1.3L,M-Benz,台北市,153.8,7天前更新,552
263,7,29,M-Benz A250 2019款 2.0L,M-Benz,台北市,139.8,7天前更新,32
264,7,30,M-Benz A250 2019款 2.0L,M-Benz,台中市,160.0,7天前更新,490
265,7,31,M-Benz A250 2019款 2.0L,M-Benz,台北市,143.8,7天前更新,43
266,7,32,M-Benz A180 2020款 1.3L,M-Benz,桃園市,129.8,7天前更新,128
267,7,33,M-Benz A180 2015款 1.6L,M-Benz,台南市,67.0,7天前更新,118
268,7,34,M-Benz A250 2019款 2.0L,M-Benz,台北市,143.8,7天前更新,28
269,7,35,M-Benz A180 2012款 1.6L,M-Benz,新北市,56.0,7天前更新,66
270,7,36,M-Benz A250 2018款 2.0L,M-Benz,彰化縣,0.0,7天前更新,29
271,7,37,M-Benz AMG A 35 4Matic 2021款 2.0L,M-Benz,花蓮縣,227.0,7天前更新,185
272,7,38,M-Benz A180 2018款 1.6L,M-Benz,新竹縣,103.8,7天前更新,41
273,8,0,M-Benz A180 2017款 1.6L,M-Benz,高雄市,66.0,7天前更新,189
274,8,1,M-Benz A250 2019款 2.0L,M-Benz,桃園市,138.0,7天前更新,160
275,8,2,M-Benz A250 2014款 2.0L,M-Benz,桃園市,68.0,7天前更新,75
276,8,3,M-Benz A180 2018款 1.6L,M-Benz,新北市,0.0,7天前更新,51
277,8,4,M-Benz A220 2019款 2.0L,M-Benz,台中市,0.0,7天前更新,71
278,8,5,M-Benz AMG A 35 4Matic 2020款 2.0L,M-Benz,台北市,209.8,7天前更新,883
279,8,6,M-Benz A250 2019款 2.0L,M-Benz,台北市,0.0,7天前更新,33
280,8,7,M-Benz A250 2018款 2.0L,M-Benz,桃園市,0.0,7天前更新,21
281,8,8,M-Benz A250 2022款 2.0L,M-Benz,桃園市,0.0,7天前更新,113
282,8,9,M-Benz A200 2015款 1.6L,M-Benz,新北市,66.0,7天前更新,43
283,8,10,M-Benz A250 2019款 2.0L,M-Benz,新竹市,149.8,7天前更新,35
284,8,11,M-Benz A250 2020款 2.0L,M-Benz,新北市,159.0,7天前更新,43
285,8,12,M-Benz A45S AMG 2019款 2.0L,M-Benz,新北市,260.0,7天前更新,226
286,8,13,M-Benz A250 2016款 2.0L,M-Benz,新北市,109.8,7天前更新,17
287,8,14,M-Benz A200 2013款 1.8L,M-Benz,桃園市,59.0,7天前更新,77
288,8,15,M-Benz A250 2014款 2.0L,M-Benz,新北市,48.8,7天前更新,56
289,8,16,M-Benz A180 2017款 1.6L,M-Benz,新北市,74.8,7天前更新,86
290,8,17,M-Benz A250 2018款 2.0L,M-Benz,新竹市,158.0,7天前更新,62
291,8,18,M-Benz A180 2017款 1.6L,M-Benz,高雄市,86.9,7天前更新,78
292,8,19,M-Benz A180 2016款 1.6L,M-Benz,桃園市,53.0,7天前更新,891
293,8,20,M-Benz A45 AMG 2014款 2.0L,M-Benz,台北市,88.0,7天前更新,114
294,8,21,M-Benz A180 2016款 1.6L,M-Benz,桃園市,0.0,7天前更新,41
295,8,22,M-Benz A250 2019款 2.0L,M-Benz,台北市,168.0,7天前更新,30
296,8,23,M-Benz A180 2022款 1.3L,M-Benz,台中市,146.0,7天前更新,681
297,8,24,M-Benz A250 2019款 2.0L,M-Benz,新北市,168.0,7天前更新,64
298,8,25,M-Benz A250 2014款 2.0L,M-Benz,桃園市,65.0,7天前更新,72
299,8,26,M-Benz A45 AMG 2014款 2.0L,M-Benz,桃園市,105.8,7天前更新,121
300,8,27,M-Benz A200 2019款 1.3L,M-Benz,桃園市,125.0,7天前更新,297
301,8,28,M-Benz A250 2013款 2.0L,M-Benz,台中市,0.0,7天前更新,11
302,8,29,M-Benz A250 2019款 2.0L,M-Benz,台南市,0.0,7天前更新,25
303,8,30,M-Benz A180 2018款 1.6L,M-Benz,新北市,108.0,7天前更新,88
304,8,31,M-Benz A250 2016款 2.0L,M-Benz,新北市,109.8,7天前更新,21
305,8,32,M-Benz A250 2014款 2.0L,M-Benz,桃園市,65.0,7天前更新,62
306,8,33,M-Benz A250 2018款 2.0L,M-Benz,台南市,139.8,7天前更新,251
307,8,34,M-Benz A180 2017款 1.6L,M-Benz,台中市,93.8,7天前更新,99
308,8,35,M-Benz A180 2017款 1.6L,M-Benz,新竹縣,80.8,7天前更新,45
309,8,36,M-Benz A250 2020款 2.0L,M-Benz,高雄市,0.0,7天前更新,31
310,8,37,M-Benz A250 2019款 2.0L,M-Benz,桃園市,0.0,7天前更新,47
311,8,38,M-Benz A180 2020款 1.3L,M-Benz,桃園市,0.0,7天前更新,65
312,9,0,M-Benz A180 2021款 1.3L,M-Benz,桃園市,145.8,7天前更新,131
313,9,1,M-Benz A250 2019款 2.0L,M-Benz,台北市,0.0,7天前更新,16
314,9,2,M-Benz A200 2013款 1.8L,M-Benz,桃園市,59.0,7天前更新,53
315,9,3,M-Benz A250 2016款 2.0L,M-Benz,桃園市,90.0,7天前更新,43
316,9,4,M-Benz A180 2021款 1.3L,M-Benz,桃園市,149.8,7天前更新,102
317,9,5,M-Benz A200 2019款 1.3L,M-Benz,高雄市,119.8,7天前更新,289
318,9,6,M-Benz A180 2016款 1.6L,M-Benz,桃園市,55.8,7天前更新,182
319,9,7,M-Benz A45S AMG 2016款 2.0L,M-Benz,高雄市,142.8,7天前更新,330
320,9,8,M-Benz A250 2019款 2.0L,M-Benz,桃園市,0.0,7天前更新,41
321,9,9,M-Benz A220 2020款 2.0L,M-Benz,桃園市,0.0,7天前更新,80
322,9,10,M-Benz A250 2019款 2.0L,M-Benz,新竹市,148.0,7天前更新,69
323,9,11,M-Benz A45 AMG 2014款 2.0L,M-Benz,台南市,119.8,7天前更新,163
324,9,12,M-Benz A180 2018款 1.6L,M-Benz,高雄市,109.8,7天前更新,344
325,9,13,M-Benz A45S AMG 2021款 2.0L,M-Benz,台北市,259.8,7天前更新,801
326,9,14,M-Benz A250 2019款 2.0L,M-Benz,彰化縣,148.0,7天前更新,38
327,9,15,M-Benz A180 2020款 1.3L,M-Benz,桃園市,145.8,7天前更新,108
328,9,16,M-Benz A180 2020款 1.3L,M-Benz,桃園市,0.0,7天前更新,296
329,9,17,M-Benz A250 2019款 2.0L,M-Benz,新北市,165.0,7天前更新,47
330,9,18,M-Benz A220 2019款 2.0L,M-Benz,台中市,138.0,7天前更新,148
331,9,19,M-Benz A180 2018款 1.6L,M-Benz,高雄市,45.0,7天前更新,987
332,9,20,M-Benz A180 2018款 1.6L,M-Benz,桃園市,69.8,7天前更新,690
333,9,21,M-Benz A250 2019款 2.0L,M-Benz,台北市,0.0,7天前更新,69
334,9,22,M-Benz A45 AMG 2015款 2.0L,M-Benz,基隆市,95.8,7天前更新,335
335,9,23,M-Benz A250 2019款 2.0L,M-Benz,新北市,162.0,7天前更新,69
336,9,24,M-Benz A250 2019款 2.0L,M-Benz,新北市,168.0,7天前更新,36
337,9,25,M-Benz A250 2015款 2.0L,M-Benz,台北市,88.0,7天前更新,36
338,9,26,M-Benz A180 2014款 1.6L,M-Benz,新北市,69.0,7天前更新,236
339,9,27,M-Benz A180 2020款 1.3L,M-Benz,嘉義縣,120.0,7天前更新,620
340,9,28,M-Benz A180 2020款 1.3L,M-Benz,台南市,0.0,7天前更新,105
341,9,29,M-Benz A250 2020款 2.0L,M-Benz,新北市,0.0,7天前更新,47
342,9,30,M-Benz A45 AMG 2013款 2.0L,M-Benz,台北市,86.8,7天前更新,270
343,9,31,M-Benz A250 2016款 2.0L,M-Benz,桃園市,99.8,7天前更新,40
344,9,32,M-Benz A45S AMG 2023款 2.0L,M-Benz,新北市,312.0,7天前更新,628
345,9,33,M-Benz A180 2016款 1.6L,M-Benz,新北市,78.5,7天前更新,129
346,9,34,M-Benz A180 2017款 1.6L,M-Benz,新北市,89.8,7天前更新,111
347,9,35,M-Benz AMG A 35 4Matic 2023款 2.0L,M-Benz,新北市,246.0,7天前更新,484
348,9,36,M-Benz A220 2019款 2.0L,M-Benz,台中市,138.0,7天前更新,192
349,9,37,M-Benz A250 2017款 2.0L,M-Benz,高雄市,103.8,7天前更新,85
350,9,38,M-Benz A180 2014款 1.6L,M-Benz,台中市,69.8,7天前更新,63
351,10,0,M-Benz A250 2016款 2.0L,M-Benz,桃園市,103.5,7天前更新,34
352,10,1,M-Benz A180 2017款 1.6L,M-Benz,高雄市,60.0,7天前更新,228
353,10,2,M-Benz AMG A 35 4Matic 2020款 2.0L,M-Benz,新北市,178.8,7天前更新,837
354,10,3,M-Benz A180 2014款 1.6L,M-Benz,台中市,69.0,7天前更新,73
355,10,4,M-Benz A250 2019款 2.0L,M-Benz,台中市,0.0,7天前更新,26
356,10,5,M-Benz A200 2020款 1.3L,M-Benz,台北市,139.8,7天前更新,306
357,10,6,M-Benz A250 2015款 2.0L,M-Benz,彰化縣,89.8,7天前更新,125
358,10,7,M-Benz A250 2019款 2.0L,M-Benz,桃園市,163.0,7天前更新,63
359,10,8,M-Benz A250 2019款 2.0L,M-Benz,桃園市,155.0,7天前更新,54
360,10,9,M-Benz A250 2019款 2.0L,M-Benz,新竹縣,160.0,7天前更新,45
361,10,10,M-Benz A180 2013款 1.6L,M-Benz,桃園市,58.8,7天前更新,115
362,10,11,M-Benz A250 2019款 2.0L,M-Benz,台北市,165.0,7天前更新,122
363,10,12,M-Benz A250 2018款 2.0L,M-Benz,台南市,158.0,7天前更新,55
364,10,13,M-Benz A45S AMG 2021款 2.0L,M-Benz,台北市,283.0,7天前更新,466
365,10,14,M-Benz A250 2018款 2.0L,M-Benz,台南市,159.8,7天前更新,42
366,10,15,M-Benz A250 2013款 2.0L,M-Benz,新北市,65.8,7天前更新,214
367,10,16,M-Benz A45S AMG 2023款 2.0L,M-Benz,新北市,0.0,7天前更新,192
368,10,17,M-Benz AMG A 35 4Matic 2023款 2.0L,M-Benz,新北市,0.0,7天前更新,201
369,10,18,M-Benz A250 2019款 2.0L,M-Benz,新北市,168.0,7天前更新,24
370,10,19,M-Benz A250 2019款 2.0L,M-Benz,新北市,168.0,7天前更新,33
371,10,20,M-Benz A250 2016款 2.0L,M-Benz,桃園市,80.0,7天前更新,60
372,10,21,M-Benz A250 2022款 2.0L,M-Benz,桃園市,0.0,7天前更新,196
373,10,22,M-Benz A180 2021款 1.3L,M-Benz,高雄市,139.8,7天前更新,584
374,10,23,M-Benz A250 2013款 2.0L,M-Benz,台南市,72.8,7天前更新,42
375,10,24,M-Benz A180 2015款 1.6L,M-Benz,台南市,85.8,7天前更新,40
376,10,25,M-Benz A220 2019款 2.0L,M-Benz,台北市,166.8,7天前更新,377
377,10,26,M-Benz A180 2016款 1.6L,M-Benz,新北市,48.0,7天前更新,136
378,10,27,M-Benz A180 2014款 1.6L,M-Benz,台中市,69.8,7天前更新,178
379,10,28,M-Benz A45S AMG 2021款 2.0L,M-Benz,台北市,278.0,7天前更新,406
380,10,29,M-Benz AMG A 35 4Matic 2020款 2.0L,M-Benz,台中市,198.0,7天前更新,82
381,10,30,M-Benz A250 2014款 2.0L,M-Benz,彰化縣,88.8,7天前更新,51
382,10,31,M-Benz A180 2015款 1.6L,M-Benz,台中市,0.0,7天前更新,33
383,10,32,M-Benz AMG A 35 4Matic 2023款 2.0L,M-Benz,新北市,248.0,7天前更新,451
384,10,33,M-Benz A250 2019款 2.0L,M-Benz,台北市,149.8,7天前更新,225
385,10,34,M-Benz A250 2014款 2.0L,M-Benz,桃園市,88.8,7天前更新,171
386,10,35,M-Benz A180 2017款 1.6L,M-Benz,新竹市,74.0,7天前更新,97
387,10,36,M-Benz A180 2020款 1.3L,M-Benz,台中市,138.0,7天前更新,291
388,10,37,M-Benz A250 2014款 2.0L,M-Benz,台中市,82.8,7天前更新,51
389,10,38,M-Benz A250 2013款 2.0L,M-Benz,台北市,89.5,7天前更新,38
390,11,0,M-Benz A180 2017款 1.6L,M-Benz,新竹市,89.8,7天前更新,60
391,11,1,M-Benz A250 2014款 2.0L,M-Benz,嘉義市,88.0,7天前更新,66
392,11,2,M-Benz A250 2016款 2.0L,M-Benz,台北市,99.9,7天前更新,485
393,11,3,M-Benz A250 2019款 2.0L,M-Benz,桃園市,169.8,7天前更新,79
394,11,4,M-Benz A250 2019款 2.0L,M-Benz,桃園市,163.8,7天前更新,47
395,11,5,M-Benz AMG A 35 4Matic 2020款 2.0L,M-Benz,高雄市,196.8,7天前更新,649
396,11,6,M-Benz A180 2016款 1.6L,M-Benz,彰化縣,0.0,7天前更新,19
397,11,7,M-Benz A180 2017款 1.6L,M-Benz,新竹市,89.8,7天前更新,36
398,11,8,M-Benz A180 2017款 1.6L,M-Benz,桃園市,78.8,7天前更新,175
399,11,9,M-Benz A200 2019款 1.3L,M-Benz,新竹市,123.8,7天前更新,175
400,11,10,M-Benz A250 2019款 2.0L,M-Benz,台中市,0.0,7天前更新,21
401,11,11,M-Benz A180 2020款 1.3L,M-Benz,桃園市,0.0,7天前更新,96
402,11,12,M-Benz AMG A 35 4Matic 2021款 2.0L,M-Benz,桃園市,238.8,7天前更新,246
403,11,13,M-Benz A180 2017款 1.6L,M-Benz,高雄市,89.8,7天前更新,171
404,11,14,M-Benz A250 2019款 2.0L,M-Benz,新北市,149.0,7天前更新,71
405,11,15,M-Benz A180 2013款 1.6L,M-Benz,新北市,56.8,7天前更新,503
406,11,16,M-Benz A180 2019款 1.3L,M-Benz,桃園市,125.8,7天前更新,231
407,11,17,M-Benz A180 2016款 1.6L,M-Benz,桃園市,66.7,7天前更新,190
408,11,18,M-Benz A200 2019款 1.3L,M-Benz,台中市,112.0,7天前更新,801
409,11,19,M-Benz A250 2019款 2.0L,M-Benz,新北市,0.0,7天前更新,26
410,11,20,M-Benz A250 2014款 2.0L,M-Benz,高雄市,79.9,7天前更新,405
411,11,21,M-Benz A250 2013款 2.0L,M-Benz,新北市,55.0,7天前更新,119
412,11,22,M-Benz A180 2013款 1.6L,M-Benz,桃園市,38.0,7天前更新,286
413,11,23,M-Benz A180 2016款 1.6L,M-Benz,桃園市,74.0,7天前更新,79
414,11,24,M-Benz A200 2019款 1.3L,M-Benz,桃園市,0.0,7天前更新,82
415,11,25,M-Benz A180 2013款 1.6L,M-Benz,台中市,0.0,7天前更新,12
416,11,26,M-Benz A250 2019款 2.0L,M-Benz,苗栗縣,0.0,7天前更新,100
417,11,27,M-Benz A180 2014款 1.6L,M-Benz,新北市,0.0,7天前更新,64
418,11,28,M-Benz A180 2016款 1.6L,M-Benz,台南市,0.0,7天前更新,38
419,11,29,M-Benz A180 2017款 1.6L,M-Benz,高雄市,88.2,7天前更新,110
420,11,30,M-Benz A180 2013款 1.6L,M-Benz,新北市,0.0,7天前更新,66
421,11,31,M-Benz A45S AMG 2021款 2.0L,M-Benz,台北市,279.8,7天前更新,343
422,11,32,M-Benz A250 2013款 2.0L,M-Benz,新北市,76.0,7天前更新,58
423,11,33,M-Benz A250 2020款 2.0L,M-Benz,彰化縣,169.8,7天前更新,133
424,11,34,M-Benz A180 2014款 1.6L,M-Benz,台北市,65.8,7天前更新,121
425,11,35,M-Benz A180 2013款 1.6L,M-Benz,高雄市,49.8,7天前更新,318
426,11,36,M-Benz A180 2017款 1.6L,M-Benz,高雄市,86.9,7天前更新,568
427,11,37,M-Benz A250 2022款 2.0L,M-Benz,台北市,0.0,7天前更新,161
428,11,38,M-Benz A250 2019款 2.0L,M-Benz,台北市,143.8,7天前更新,399
429,12,0,M-Benz A250 2019款 2.0L,M-Benz,桃園市,165.0,7天前更新,650
430,12,1,M-Benz A180 2016款 1.6L,M-Benz,新竹市,93.8,7天前更新,87
431,12,2,M-Benz A200 2019款 1.3L,M-Benz,高雄市,96.0,7天前更新,639
432,12,3,M-Benz A250 2019款 2.0L,M-Benz,新北市,158.0,7天前更新,57
433,12,4,M-Benz A180 2016款 1.6L,M-Benz,台北市,79.9,7天前更新,127
434,12,5,M-Benz A180 2017款 1.6L,M-Benz,台南市,89.8,7天前更新,21
435,12,6,M-Benz A180 2019款 1.3L,M-Benz,台中市,119.8,7天前更新,483
436,12,7,M-Benz A250 2013款 2.0L,M-Benz,新北市,76.8,7天前更新,152
437,12,8,M-Benz A180 2014款 1.6L,M-Benz,桃園市,56.8,7天前更新,122
438,12,9,M-Benz A250 2019款 2.0L,M-Benz,桃園市,0.0,7天前更新,14
439,12,10,M-Benz A250 2018款 2.0L,M-Benz,桃園市,116.5,7天前更新,134
440,12,11,M-Benz A250 2019款 2.0L,M-Benz,高雄市,172.0,7天前更新,219
441,12,12,M-Benz A180 2018款 1.6L,M-Benz,高雄市,102.0,7天前更新,506
442,12,13,M-Benz A250 2019款 2.0L,M-Benz,桃園市,128.0,7天前更新,832
443,12,14,M-Benz A250 2013款 2.0L,M-Benz,桃園市,72.0,7天前更新,97
444,12,15,M-Benz A250 2019款 2.0L,M-Benz,新北市,165.0,7天前更新,51
445,12,16,M-Benz A250 2019款 2.0L,M-Benz,新北市,172.0,7天前更新,69
446,12,17,M-Benz AMG A 35 4Matic 2020款 2.0L,M-Benz,桃園市,218.0,7天前更新,161
447,12,18,M-Benz A250 2013款 2.0L,M-Benz,桃園市,69.5,7天前更新,153
448,12,19,M-Benz A180 2016款 1.6L,M-Benz,台中市,78.8,7天前更新,115
449,12,20,M-Benz A250 2013款 2.0L,M-Benz,新竹市,78.6,7天前更新,68
450,12,21,M-Benz A180 2016款 1.6L,M-Benz,台南市,92.8,7天前更新,76
451,12,22,M-Benz A250 2019款 2.0L,M-Benz,新北市,150.0,7天前更新,73
452,12,23,M-Benz A180 2018款 1.6L,M-Benz,高雄市,93.8,7天前更新,293
453,12,24,M-Benz A180 2019款 1.3L,M-Benz,嘉義縣,108.8,7天前更新,624
454,12,25,M-Benz A250 2019款 2.0L,M-Benz,台北市,0.0,7天前更新,31
455,12,26,M-Benz A250 2019款 2.0L,M-Benz,新北市,168.0,7天前更新,107
456,12,27,M-Benz A250 2019款 2.0L,M-Benz,新北市,165.0,7天前更新,80
457,12,28,M-Benz A250 2019款 2.0L,M-Benz,台北市,129.8,7天前更新,969
458,12,29,M-Benz A45 AMG 2016款 2.0L,M-Benz,台中市,0.0,7天前更新,317
459,12,30,M-Benz A180 2014款 1.6L,M-Benz,新北市,43.5,7天前更新,206
460,12,31,M-Benz A180 2017款 1.6L,M-Benz,桃園市,70.8,7天前更新,424
461,12,32,M-Benz A45S AMG 2021款 2.0L,M-Benz,台北市,0.0,7天前更新,566
462,12,33,M-Benz A250 2019款 2.0L,M-Benz,新北市,168.0,7天前更新,68
463,12,34,M-Benz A180 2018款 1.6L,M-Benz,新北市,95.8,7天前更新,129
464,12,35,M-Benz A250 2019款 2.0L,M-Benz,新北市,158.0,7天前更新,53
465,12,36,M-Benz A250 2019款 2.0L,M-Benz,彰化縣,158.8,7天前更新,283
466,12,37,M-Benz A250 2017款 2.0L,M-Benz,台北市,118.8,7天前更新,93
467,12,38,M-Benz A45S AMG 2021款 2.0L,M-Benz,新北市,269.0,7天前更新,582
468,13,0,M-Benz A180 2021款 1.3L,M-Benz,新北市,0.0,7天前更新,490
469,13,1,M-Benz A180 2017款 1.6L,M-Benz,新北市,103.0,7天前更新,168
470,13,2,M-Benz A180 2013款 1.6L,M-Benz,彰化縣,65.8,7天前更新,123
471,13,3,M-Benz A200 2019款 1.3L,M-Benz,高雄市,113.8,7天前更新,575
472,13,4,M-Benz A250 2019款 2.0L,M-Benz,新北市,168.0,7天前更新,81
473,13,5,M-Benz A250 2019款 2.0L,M-Benz,新北市,172.0,7天前更新,143
474,13,6,M-Benz A180 2016款 1.6L,M-Benz,新北市,66.0,7天前更新,274
475,13,7,M-Benz A250 2018款 2.0L,M-Benz,台北市,0.0,7天前更新,33
476,13,8,M-Benz A250 2019款 2.0L,M-Benz,台北市,0.0,7天前更新,24
477,13,9,M-Benz A180 2014款 1.6L,M-Benz,新北市,48.8,7天前更新,333
478,13,10,M-Benz A200 2020款 1.3L,M-Benz,台北市,0.0,7天前更新,226
479,13,11,M-Benz A45 AMG 2014款 2.0L,M-Benz,台南市,115.8,7天前更新,401
480,13,12,M-Benz A250 2019款 2.0L,M-Benz,高雄市,182.0,7天前更新,95
481,13,13,M-Benz A180 2014款 1.6L,M-Benz,桃園市,72.8,7天前更新,235
482,13,14,M-Benz A180 2014款 1.6L,M-Benz,桃園市,49.8,7天前更新,158
483,13,15,M-Benz A250 2019款 2.0L,M-Benz,台北市,0.0,7天前更新,35
484,13,16,M-Benz A250 2019款 2.0L,M-Benz,台北市,0.0,7天前更新,30
485,13,17,M-Benz A250 2014款 2.0L,M-Benz,桃園市,68.0,7天前更新,172
486,13,18,M-Benz A45S AMG 2020款 2.0L,M-Benz,新北市,269.0,7天前更新,306
487,13,19,M-Benz A45S AMG 2019款 2.0L,M-Benz,新北市,269.0,7天前更新,260
488,13,20,M-Benz A180 2020款 1.3L,M-Benz,新北市,139.8,7天前更新,"<span class=""Red"">1861</span>"
489,13,21,M-Benz A180 2018款 1.6L,M-Benz,新北市,9.8,7天前更新,"<span class=""Red"">1107</span>"
490,13,22,M-Benz A180 2019款 1.3L,M-Benz,台北市,8.8,7天前更新,"<span class=""Red"">2829</span>"
491,13,23,M-Benz A250 2020款 2.0L,M-Benz,桃園市,158.0,7天前更新,512
492,13,24,M-Benz A250 2017款 2.0L,M-Benz,桃園市,112.8,7天前更新,277
493,13,25,M-Benz A180 2017款 1.6L,M-Benz,新北市,69.8,7天前更新,232
494,13,26,M-Benz A250 2019款 2.0L,M-Benz,苗栗縣,0.0,7天前更新,147
495,13,27,M-Benz AMG A 35 4Matic 2020款 2.0L,M-Benz,台中市,228.0,7天前更新,"<span class=""Red"">6749</span>"
496,13,28,M-Benz A45 AMG 2015款 2.0L,M-Benz,彰化縣,108.8,7天前更新,337
497,13,29,M-Benz A250 2017款 2.0L,M-Benz,台中市,115.0,7天前更新,239
498,13,30,M-Benz A180 2017款 1.6L,M-Benz,新北市,75.0,7天前更新,196
499,13,31,M-Benz A250 2013款 2.0L,M-Benz,新北市,70.0,7天前更新,154
500,13,32,M-Benz AMG A 35 4Matic 2020款 2.0L,M-Benz,桃園市,218.0,7天前更新,261
501,13,33,M-Benz A180 2014款 1.6L,M-Benz,嘉義市,39.9,7天前更新,136
502,13,34,M-Benz A180 2021款 1.3L,M-Benz,台中市,146.8,7天前更新,873
503,13,35,M-Benz A220 2020款 2.0L,M-Benz,桃園市,165.8,7天前更新,792
504,13,36,M-Benz A250 2019款 2.0L,M-Benz,新北市,158.0,7天前更新,41
505,13,37,M-Benz A180 2016款 1.6L,M-Benz,新北市,69.8,7天前更新,119
506,13,38,M-Benz A250 2018款 2.0L,M-Benz,新北市,119.8,7天前更新,153
507,14,0,M-Benz A250 2013款 2.0L,M-Benz,桃園市,58.8,7天前更新,79
508,14,1,M-Benz A180 2017款 1.6L,M-Benz,台中市,86.0,7天前更新,304
509,14,2,M-Benz A250 2019款 2.0L,M-Benz,桃園市,168.8,7天前更新,129
510,14,3,M-Benz A250 2016款 2.0L,M-Benz,新北市,109.8,7天前更新,104
511,14,4,M-Benz A180 2021款 1.3L,M-Benz,新北市,148.8,7天前更新,563
512,14,5,M-Benz A180 2017款 1.6L,M-Benz,桃園市,48.8,7天前更新,263
513,14,6,M-Benz A180 2021款 1.3L,M-Benz,新北市,148.8,7天前更新,143
514,14,7,M-Benz A180 2021款 1.3L,M-Benz,新北市,148.8,7天前更新,113
515,14,8,M-Benz A180 2021款 1.3L,M-Benz,台北市,0.0,7天前更新,119
516,14,9,M-Benz A250 2019款 2.0L,M-Benz,台北市,149.8,7天前更新,147
517,14,10,M-Benz A250 2019款 2.0L,M-Benz,桃園市,148.0,7天前更新,203
518,14,11,M-Benz A180 2016款 1.6L,M-Benz,高雄市,98.0,7天前更新,401
519,14,12,M-Benz A180 2016款 1.6L,M-Benz,桃園市,89.8,7天前更新,193
520,14,13,M-Benz A180 2021款 1.3L,M-Benz,台北市,0.0,7天前更新,76
521,14,14,M-Benz A250 2018款 2.0L,M-Benz,桃園市,135.8,7天前更新,147
522,14,15,M-Benz A180 2021款 1.3L,M-Benz,台北市,0.0,7天前更新,110
523,14,16,M-Benz A250 2019款 2.0L,M-Benz,新北市,172.0,7天前更新,109
524,14,17,M-Benz A250 2019款 2.0L,M-Benz,新北市,168.0,7天前更新,84
525,14,18,M-Benz A180 2019款 1.3L,M-Benz,新北市,105.0,7天前更新,580
526,14,19,M-Benz A180 2021款 1.3L,M-Benz,桃園市,149.8,7天前更新,274
527,14,20,M-Benz A180 2020款 1.3L,M-Benz,桃園市,136.8,7天前更新,211
528,14,21,M-Benz AMG A 35 4Matic 2020款 2.0L,M-Benz,台中市,198.0,7天前更新,550
529,14,22,M-Benz A250 2016款 2.0L,M-Benz,台北市,0.0,7天前更新,586
530,14,23,M-Benz A45S AMG 2020款 2.0L,M-Benz,台北市,269.0,7天前更新,470
531,14,24,M-Benz A180 2015款 1.6L,M-Benz,桃園市,43.8,7天前更新,445
532,14,25,M-Benz A180 2021款 1.3L,M-Benz,新北市,148.8,7天前更新,91
533,14,26,M-Benz A180 2020款 1.3L,M-Benz,桃園市,0.0,7天前更新,191
534,14,27,M-Benz A180 2021款 1.3L,M-Benz,新北市,148.8,7天前更新,90
535,14,28,M-Benz A250 2016款 2.0L,M-Benz,新北市,102.8,7天前更新,77
536,14,29,M-Benz A250 2019款 2.0L,M-Benz,高雄市,0.0,7天前更新,309
537,14,30,M-Benz A180 2021款 1.3L,M-Benz,新北市,148.8,7天前更新,211
538,14,31,M-Benz A180 2016款 1.6L,M-Benz,新北市,78.5,7天前更新,103
539,14,32,M-Benz AMG A 35 4Matic 2022款 2.0L,M-Benz,台北市,219.8,7天前更新,"<span class=""Red"">1870</span>"
540,14,33,M-Benz A180 2021款 1.3L,M-Benz,台南市,143.8,7天前更新,779
541,14,34,M-Benz A220 2019款 2.0L,M-Benz,彰化縣,0.0,7天前更新,284
542,14,35,M-Benz A250 2019款 2.0L,M-Benz,新北市,168.0,7天前更新,91
543,14,36,M-Benz A250 2018款 2.0L,M-Benz,桃園市,140.0,7天前更新,147
544,14,37,M-Benz A200 2012款 1.8L,M-Benz,桃園市,40.8,7天前更新,362
545,14,38,M-Benz A250 2019款 2.0L,M-Benz,台南市,0.0,7天前更新,48
546,15,0,M-Benz A250 2016款 2.0L,M-Benz,新北市,109.8,7天前更新,108
547,15,1,M-Benz A250 2019款 2.0L,M-Benz,台南市,147.0,7天前更新,745
548,15,2,M-Benz A180 2017款 1.6L,M-Benz,桃園市,0.0,7天前更新,57
549,15,3,M-Benz A180 2016款 1.6L,M-Benz,桃園市,79.9,7天前更新,143
550,15,4,M-Benz AMG A 35 4Matic 2021款 2.0L,M-Benz,嘉義縣,0.0,7天前更新,377
551,15,5,M-Benz A180 2018款 1.6L,M-Benz,高雄市,103.0,7天前更新,232
552,15,6,M-Benz A250 2019款 2.0L,M-Benz,高雄市,0.0,7天前更新,161
553,15,7,M-Benz A250 2019款 2.0L,M-Benz,新竹市,0.0,7天前更新,64
554,15,8,M-Benz AMG A 35 4Matic 2020款 2.0L,M-Benz,嘉義縣,218.0,7天前更新,734
555,15,9,M-Benz A45S AMG 2021款 2.0L,M-Benz,台北市,269.8,7天前更新,714
556,15,10,M-Benz A45S AMG 2020款 2.0L,M-Benz,台北市,269.0,7天前更新,723
557,15,11,M-Benz A45S AMG 2020款 2.0L,M-Benz,台北市,269.0,7天前更新,874
558,15,12,M-Benz A250 2016款 2.0L,M-Benz,新北市,109.8,7天前更新,79
559,15,13,M-Benz A180 2015款 1.6L,M-Benz,嘉義市,75.0,7天前更新,258
560,15,14,M-Benz A250 2017款 2.0L,M-Benz,新北市,119.0,7天前更新,262
561,15,15,M-Benz A250 2017款 2.0L,M-Benz,新北市,119.8,7天前更新,181
562,15,16,M-Benz A45 AMG 2014款 2.0L,M-Benz,台北市,108.8,7天前更新,391
563,15,17,M-Benz A180 2014款 1.6L,M-Benz,桃園市,66.8,7天前更新,152
564,15,18,M-Benz A180 2020款 1.3L,M-Benz,台北市,139.8,7天前更新,"<span class=""Red"">2070</span>"
565,15,19,M-Benz A250 2019款 2.0L,M-Benz,新北市,0.0,7天前更新,142
566,15,20,M-Benz A250 2019款 2.0L,M-Benz,新北市,0.0,7天前更新,153
567,15,21,M-Benz A180 2017款 1.6L,M-Benz,桃園市,88.0,7天前更新,149
568,15,22,M-Benz A180 2014款 1.6L,M-Benz,桃園市,69.9,7天前更新,118
569,15,23,M-Benz A250 2019款 2.0L,M-Benz,新北市,172.3,7天前更新,174
570,15,24,M-Benz A250 2019款 2.0L,M-Benz,新北市,172.3,7天前更新,105
571,15,25,M-Benz A250 2019款 2.0L,M-Benz,新北市,172.3,7天前更新,200
572,15,26,M-Benz A180 2015款 1.6L,M-Benz,桃園市,49.8,7天前更新,"<span class=""Red"">1196</span>"
573,15,27,M-Benz A200 2015款 1.6L,M-Benz,高雄市,73.8,7天前更新,863
574,15,28,M-Benz A180 2017款 1.6L,M-Benz,高雄市,96.8,7天前更新,764
575,15,29,M-Benz A180 2015款 1.6L,M-Benz,新北市,78.5,7天前更新,238
576,15,30,M-Benz A250 2013款 2.0L,M-Benz,台中市,78.8,7天前更新,392
577,15,31,M-Benz A250 2019款 2.0L,M-Benz,新北市,158.0,7天前更新,289
578,15,32,M-Benz A180 2014款 1.6L,M-Benz,桃園市,75.0,7天前更新,205
579,15,33,M-Benz A250 2015款 2.0L,M-Benz,高雄市,99.8,7天前更新,"<span class=""Red"">5676</span>"
580,15,34,M-Benz A180 2016款 1.6L,M-Benz,桃園市,85.0,7天前更新,253
581,15,35,M-Benz A250 2020款 2.0L,M-Benz,新北市,168.0,7天前更新,"<span class=""Red"">2140</span>"
582,15,36,M-Benz A180 2020款 1.3L,M-Benz,高雄市,128.0,7天前更新,"<span class=""Red"">1622</span>"
583,15,37,M-Benz A250 2013款 2.0L,M-Benz,台中市,0.0,7天前更新,201
584,15,38,M-Benz A250 2018款 2.0L,M-Benz,桃園市,135.8,7天前更新,"<span class=""Red"">2937</span>"
585,16,0,M-Benz A250 2014款 2.0L,M-Benz,新北市,66.8,7天前更新,"<span class=""Red"">1045</span>"
586,16,1,M-Benz A180 2021款 1.3L,M-Benz,台南市,0.0,7天前更新,84
